id,name,scope,category,year,venue,language,domain,platform,modalities,tasks,label_type,size_total,size_unit,data_origin,access,license,paper_url,official_repository,official_download,last_checked,note
deceptiondecoded,DeceptionDecoded,core,creator_intent,2026,ICLR,en,news,VisualNews_derived,text;image;reference_article,misleading_intent_detection;source_attribution;creator_desire_inference,intent-centric multi-task,12000.0,image_caption_pair,intent_guided_synthetic_on_real_news,gated_huggingface,verify dataset card,https://github.com/jiayingwu19/DeceptionDecoded,https://github.com/jiayingwu19/DeceptionDecoded,https://github.com/jiayingwu19/DeceptionDecoded,2026-08-31,12K image-caption pairs grounded in trustworthy reference articles; focuses on misleading creator intent.
driftbench,DriftBench,core,genai_robustness,2026,AAAI,en,news;mixed,benchmark_sources,text;image;external_evidence,misinformation_detection;robustness_under_drift;reasoning_consistency,truth verification + 6 diversification categories,16000.0,news_instance,genai_diversified,repository_plus_drive,verify repository terms,https://ojs.aaai.org/index.php/AAAI/article/view/37023,https://github.com/fanxiao15/DriftBench,https://github.com/fanxiao15/DriftBench,2026-08-31,16K instances across six GenAI diversification categories; explicitly targets model/evidence drift robustness.
fakeve,FakeVE,core,video_fake_news,2026,Information Processing & Management,en,short_video;mixed,social_media_video,video;audio;text,fake_news_video_explanation;explainable_fake_news_detection,explanations over 4 deceptive aspects,2672.0,fake_news_video_post,real_world,application,research-use/verify,https://doi.org/10.1016/j.ipm.2026.104769,https://github.com/Lieberk/FakeVE,https://github.com/Lieberk/FakeVE,2026-08-31,"2,672 fake-news video posts with natural-language explanations covering four deceptive aspects."
finefake,FineFake,core,fine_grained_multi_domain,2026,Information Fusion,en,politics;entertainment;business;health;society;conflict,snopes;twitter;reddit;cnn;apnews;cdc;nytimes;washington_post,text;image;social_context;metadata;external_knowledge,fake_news_detection;fine_grained_attribution;cross_domain_adaptation,binary + 6-way fine-grained,16909.0,news_item,real_world_curated,direct_repository,verify dataset terms,https://doi.org/10.1016/j.inffus.2026.104253,https://github.com/Accuser907/FineFake,https://github.com/Accuser907/FineFake,2026-08-31,"16,909 samples across 6 topics and 8 platforms; includes semi-manually verified knowledge."
remmdbench,ReMMDBench,core,multilingual_multi_image,2026,arXiv 2026,5_monolingual_languages;2_cross_lingual_settings,mixed;real_world_misinformation,web;social_media,text;multiple_images;external_evidence,misinformation_detection;agentic_verification;evidence_provenance,5-way veracity + 8 distortion labels,500.0,post,real_world_curated,project_page,verify project terms,https://arxiv.org/abs/2606.24112,https://dang-ai.github.io/ReMMD,https://dang-ai.github.io/ReMMD,2026-08-31,"500 real-world samples with 2,756 images, multi-image posts, multilingual settings, provenance and rationales."
vldbench,VLDBench,core,disinformation_benchmark,2026,Information Fusion,en,news;disinformation,58_news_sources,text;image,disinformation_detection;vlm_evaluation;robustness_evaluation,13 categories / benchmark-specific,62000.0,text_image_pair,real_world_curated_plus_ai_annotation,repository_huggingface,verify dataset card,https://doi.org/10.1016/j.inffus.2025.104092,https://github.com/VectorInstitute/VLDBench,https://github.com/VectorInstitute/VLDBench,2026-08-31,~62K labeled text-image pairs across 13 categories from 58 news sources; expert-reviewed human-AI annotation.
amg,AMG,core,fine_grained_attribution,2025,AAAI,zh,mixed,social_media;news_web,text;image,fake_news_detection;fake_news_attribution,6-way,4922.0,image_text_pair,real_world_curated,direct_repository_plus_media_link,verify repository/media terms,https://ojs.aaai.org/index.php/AAAI/article/view/31999,https://github.com/mazihan880/AMG-An-Attributing-Multi-modal-Fake-News-Dataset,https://github.com/mazihan880/AMG-An-Attributing-Multi-modal-Fake-News-Dataset,2026-08-31,"4,922 samples; labels cover real, image fabrication, entity/event/time-space inconsistency, and ineffective visual information."
mfnd,MFND,core,deepfake_misinformation,2025,IJCAI,en,news,news_web,text;image,fake_news_detection;manipulation_localization,11 manipulation types + localization,,image_text_pair,synthetic_manipulation,direct_repository,verify repository terms,https://www.ijcai.org/proceedings/2025/891,https://github.com/yunan-wang33/sdml,https://github.com/yunan-wang33/sdml,2026-08-31,Designed around 11 manipulated types and joint detection/localization; total size should be cited from the released version when fixed.
mm_health,MM-Health,core,health_misinformation,2025,Findings of EMNLP,en,health,news_web;benchmark_sources,text;image,reliability_check;originality_check;fine_grained_ai_detection,reliability + originality + fine-grained,34746.0,news_article,mixed_real_and_synthetic,huggingface_or_drive,verify dataset card,https://aclanthology.org/2025.findings-emnlp.1316/,https://github.com/grantzyr/MM-Health-Dataset,https://huggingface.co/datasets/zzha6204/MM-Health,2026-08-31,"34,746 health articles: 5,776 human-generated and 28,880 AI-generated multimodal items."
mmfakebench,MMFakeBench,core,mixed_source_misinformation,2025,ICLR,en,news;general,news_web;benchmark_sources,text;image,multimodal_misinformation_detection;fine_grained_forgery_source_detection;lvlm_evaluation,binary + 3 coarse + 12 subtypes,11000.0,image_text_pair,mixed_real_and_synthetic,gated_huggingface,CC-BY-4.0 metadata + gated non-commercial terms,https://proceedings.iclr.cc/paper_files/paper/2025/hash/d6c53fe062716387ff0df73cc53de60c-Abstract-Conference.html,https://github.com/liuxuannan/MMFakeBench,https://huggingface.co/datasets/liuxuannan/MMFakeBench,2026-08-31,"11,000 pairs: 1,000 validation + 10,000 test; covers textual, visual, and cross-modal distortions."
fakett,FakeTT,core,video_fake_news,2024,ACM MM,en,mixed;short_video,tiktok,video;audio;text,video_fake_news_detection,binary,1991.0,video,real_world,application,research-use/verify,https://dl.acm.org/doi/10.1145/3664647.3680663,https://github.com/ICTMCG/FakingRecipe,https://github.com/ICTMCG/FakingRecipe,2026-08-31,"English TikTok benchmark with 1,991 videos across 286 events."
miragenews,MiRAGeNews,related,ai_generated_news,2024,Findings of EMNLP,en,news,news_web,text;image,ai_generated_news_detection;ood_generalization,real vs AI-generated,15000.0,image_caption_pair,mixed_real_and_synthetic,huggingface,verify dataset card,https://aclanthology.org/2024.findings-emnlp.959/,https://github.com/nosna/miragenews,https://huggingface.co/datasets/anson-huang/mirage-news,2026-08-31,15K multimodal news pairs with out-of-domain test sets for unseen publishers and generators.
m3a,M³A,core,mixed_media_authenticity,2024,CVIU,global_news_outlets,politics;technology;entertainment;mixed,news_web,text;image;audio;video,misinformation_detection;out_of_context_detection;deepfake_detection;fact_checking;ood_evaluation,fine-grained,,news_sample,mixed,application,data access protocol,https://doi.org/10.1016/j.cviu.2024.104205,https://github.com/FinalYou/M3A,https://github.com/FinalYou/M3A#data-repository,2026-08-31,Reports 708K genuine and >6M generated/manipulated variants; avoid summing as if all are independent real-world posts.
verite,VERITE,related,out_of_context,2024,IJMIR,en,news;mixed,news_web,text;image,multimodal_misinformation_detection;out_of_context_detection,3-way,1000.0,image_text_pair,real_world_curated,research_controlled,research-use/verify,https://link.springer.com/article/10.1007/s13735-023-00317-5,https://github.com/stevejpapad/image-text-verification,https://github.com/stevejpapad/image-text-verification,2026-08-31,Balanced truthful/miscaptioned/OOC benchmark designed to reduce unimodal bias.
cosmos,COSMOS,related,out_of_context,2023,AAAI,en,news;mixed,news_web,text;image,out_of_context_detection,binary,204458.0,image,real_world_plus_constructed_pairs,application,unclear,https://ojs.aaai.org/index.php/AAAI/article/view/26739,https://github.com/shivangi-aneja/COSMOS,https://github.com/shivangi-aneja/COSMOS#dataset,2026-08-31,"OOC image-caption benchmark; 204,458 images and 454,185 captions."
dgm4,DGM⁴,related,media_manipulation,2023,CVPR,en,news,news_web,text;image,manipulation_detection;manipulation_type_classification;image_manipulation_grounding;text_manipulation_grounding,binary + manipulation type + image/text grounding,230000.0,image_text_pair,synthetic_manipulation,direct,verify dataset-specific terms,https://openaccess.thecvf.com/content/CVPR2023/html/Shao_Detecting_and_Grounding_Multi-Modal_Media_Manipulation_CVPR_2023_paper.html,https://github.com/rshaojimmy/MultiModal-DeepFake,https://huggingface.co/datasets/rshaojimmy/DGM4,2026-08-31,"77,426 pristine and 152,574 manipulated news image-text pairs; supports binary detection, manipulation-type classification, image-region grounding, and text-token grounding."
factify2,FACTIFY 2,related,multimodal_fact_checking,2023,DE-FACTIFY 2@AAAI,en,news;mixed,news_web;social_media,text;image;external_evidence,multimodal_fact_checking;satire_detection,5-way,50000.0,instance,real_world_curated,registration,dataset terms verify,https://arxiv.org/abs/2304.03897,https://github.com/surya1701/Factify-2.0,https://defactify.com/2023/factify.html,2026-08-31,Adds satire and finer multimodal relation labels.
fakesv,FakeSV,core,video_fake_news,2023,AAAI,zh,general;short_video,douyin;kuaishou,video;audio;text;social_context;metadata,video_fake_news_detection,binary + debunking,5538.0,video,real_world,application,data-use agreement,https://ojs.aaai.org/index.php/AAAI/article/view/26689,https://github.com/ICTMCG/FakeSV,https://github.com/ICTMCG/FakeSV#application-for-data-use,2026-08-31,"3,654 fake/real videos plus 1,884 debunking videos."
mocheg,MOCHEG,related,multimodal_fact_checking,2023,SIGIR,en,mixed;fact_checking,fact_checking_sites;web,text;image;external_evidence,multimodal_fact_checking;evidence_retrieval;explanation_generation,verification + explanation,,claim,real_world_curated,direct_repository,CC BY 4.0 dataset,https://doi.org/10.1145/3539618.3591879,https://github.com/VT-NLP/Mocheg,https://github.com/VT-NLP/Mocheg,2026-08-31,"SIGIR 2023 Best Paper Honorable Mention; supports end-to-end evidence retrieval, verification, and explanation."
mr2,MR²,core,retrieval_augmented_rumor,2023,SIGIR,en;zh,social_media;mixed,twitter;weibo,text;image;social_context;metadata;external_evidence,rumor_detection;retrieval_augmented_verification,3-way,14700.0,post,real_world,direct_repository,research-use/verify,https://doi.org/10.1145/3539618.3591896,https://github.com/THU-BPM/MR2,https://github.com/THU-BPM/MR2,2026-08-31,"English and Chinese subsets; labels are non-rumor, rumor, and unverified with retrieved evidence."
factify,FACTIFY,related,multimodal_fact_checking,2022,DE-FACTIFY@AAAI,en,news;mixed,news_web;social_media,text;image;external_evidence,multimodal_fact_checking,3-way,50000.0,claim,real_world_curated,registration_or_repository,dataset terms verify,https://www.semanticscholar.org/paper/FACTIFY%3A-A-Multi-Modal-Fact-Verification-Dataset-Mishra-Suryavardan/c0532d8d69af3bc0836b88c5aae2ce6166ac5136,https://github.com/Shreyashm16/Factify,https://github.com/Shreyashm16/Factify,2026-08-31,Claim/reference multimodal verification dataset; repo software license should not be assumed to cover all media.
mumin,MuMiN,core,multilingual_misinformation,2022,SIGIR,multilingual_41,mixed,twitter;fact_checking_sites,text;image;social_context;metadata;knowledge_graph,misinformation_detection;claim_classification;tweet_classification,binary,12914.0,claim,real_world,build,mixed/third-party restrictions,https://dl.acm.org/doi/10.1145/3477495.3531744,https://github.com/MuMiN-dataset/mumin-build,https://mumin-dataset.github.io/getting_started/,2026-08-31,"12,914 claims linked to ~21.6M tweets; claim count is the appropriate primary sample size."
checked,CHECKED,core,health_misinformation,2021,Social Network Analysis and Mining,zh,health;covid19,weibo,text;image;social_context;metadata,fake_news_detection;propagation_analysis,binary,2104.0,verified_microblog,real_world,direct_repository,verify repository/source terms,https://pmc.ncbi.nlm.nih.gov/articles/PMC8217979/,https://github.com/cyang03/CHECKED,https://github.com/cyang03/CHECKED,2026-08-31,"2,104 verified COVID-19 microblogs with rich propagation and multimedia context."
newsclippings,NewsCLIPpings,related,out_of_context,2021,EMNLP,en,news,news_web,text;image,out_of_context_detection,binary,988283.0,image_text_pair,synthetic_pairing,direct_with_dependency,depends_on_VisualNews,https://aclanthology.org/2021.emnlp-main.545/,https://github.com/g-luo/news_clippings,https://github.com/g-luo/news_clippings#data,2026-08-31,Automatically constructs hard image-caption mismatches from VisualNews.
visualnews,VisualNews,related,news_image_captioning,2021,EMNLP,en,news;multi_domain,news_web,text;image;metadata,news_image_captioning;image_text_representation_learning,paired image-caption and article text (no veracity label),1080595.0,image,real_world,direct,source-dependent/verify,https://aclanthology.org/2021.emnlp-main.235/,https://github.com/FuxiaoLiu/VisualNews-Repository,https://www.cs.rice.edu/~vo9/visualnews/,2026-08-31,"1,080,595 news images paired with captions and articles from The Guardian, BBC, USA Today, and The Washington Post; includes author and other metadata."
weibo21,Weibo21,core,multi_domain_fake_news,2021,CIKM,zh,science;military;education;disaster;politics;health;finance;entertainment;society,weibo;news_web,text;image;metadata,multi_domain_fake_news_detection,binary,9128.0,news_item,real_world,application,restricted_or_unclear,https://dl.acm.org/doi/10.1145/3459637.3482139,https://github.com/kennqiang/MDFEND-Weibo21,https://github.com/kennqiang/MDFEND-Weibo21,2026-08-31,Chinese multi-domain benchmark with 9 semantic domains.
fakeddit,Fakeddit,core,social_media_misinformation,2020,LREC,en,general;social_media,reddit,text;image;social_context;metadata,fake_news_detection;fine_grained_classification,2/3/6-way,1063106.0,reddit_submission,real_world,direct,unclear,https://aclanthology.org/2020.lrec-1.755/,https://github.com/entitize/Fakeddit,https://github.com/entitize/Fakeddit#download,2026-08-31,Classic large-scale multimodal benchmark; paper experiments often use the multimodal subset.
mm_covid,MM-COVID,core,health_misinformation,2020,IEEE BigData,en;es;pt;hi;fr;it,health;covid19,news_web;twitter,text;social_context;metadata,cross_lingual_fake_news_detection;fake_news_detection,binary,11173.0,news_item,real_world,ids_and_repository,record-specific/verify,https://arxiv.org/abs/2011.04088,https://github.com/bigheiniu/MM-COVID,https://zenodo.org/records/4444557,2026-08-31,Multilingual COVID-19 disinformation resource; Twitter data is distributed via IDs.
nytimes800k,NYTimes800k,related,news_image_captioning,2020,CVPR,en,news,news_web,text;image;metadata,news_image_captioning;entity_aware_captioning,paired image-caption and article text (no veracity label),792971.0,image,real_world,request_or_rebuild,source-dependent/verify,https://arxiv.org/abs/2004.08070,https://github.com/alasdairtran/transform-and-tell,https://github.com/alasdairtran/transform-and-tell#getting-data,2026-08-31,"792,971 New York Times images with captions from 444,914 articles spanning 14 years; includes image locations within article text and associated visual features."
fakenewsnet,FakeNewsNet,core,social_media_misinformation,2018,Data repository / journal follow-up,en,politics;entertainment,news_web;twitter,text;image;social_context;metadata,fake_news_detection;social_context_modeling,binary,,version-dependent,real_world,rebuild,mixed/third-party restrictions,https://arxiv.org/abs/1809.01286,https://github.com/KaiDMML/FakeNewsNet,https://github.com/KaiDMML/FakeNewsNet/tree/master/dataset,2026-08-31,Includes PolitiFact and GossipCop; full raw content is reconstructed because of platform/copyright constraints.
weibo,Weibo Multimodal Rumor Dataset,core,social_media_rumor,2017,ACM MM,zh,general;social_media,weibo,text;image;social_context;metadata,rumor_detection;fake_news_detection,binary,9528.0,post,real_world,request_or_repository,unclear,https://doi.org/10.1145/3123266.3123454,https://github.com/wangzhuang1911/Weibo-dataset,https://github.com/wangzhuang1911/Weibo-dataset,2026-08-31,"Classic Chinese image-text rumor dataset; 4,749 rumor and 4,779 non-rumor posts."
